,precision,recall,f1-score
0,0.9659462999345121,0.9653141361256544,0.9656301145662848
1,0.965359477124183,0.9659908436886854,0.965675057208238
